{"cameraMode":{"drawMode":0,"name":"Shaded","section":"Shading Mode"},"sceneLighting":false,"audioPlay":false,"sceneViewState":{"showFog":true,"showMaterialUpdate":false,"showSkybox":true,"showFlares":true,"showImageEffects":true,"showParticleSystems":true},"in2DMode":false,"pivot":{"x":5.960464477539063e-8,"y":1.0000001192092896,"z":-9.950115203857422},"rotation":{"x":0.29262402653694155,"y":0.7072212100028992,"z":-0.44616273045539858,"w":0.4638408422470093},"size":1.4289418458938599,"orthographic":false}