{"cameraMode":{"drawMode":0,"name":"Shaded","section":"Shading Mode"},"sceneLighting":true,"audioPlay":false,"sceneViewState":{"showFog":true,"showMaterialUpdate":false,"showSkybox":true,"showFlares":true,"showImageEffects":true,"showParticleSystems":true},"in2DMode":false,"pivot":{"x":5.422431945800781,"y":3.0,"z":49.939598083496097},"rotation":{"x":-0.013713708147406578,"y":0.7214487791061401,"z":-0.014293552376329899,"w":-0.6921845078468323},"size":664.4979248046875,"orthographic":false}