{"cameraMode":{"drawMode":0,"name":"Shaded","section":"Shading Mode"},"sceneLighting":false,"audioPlay":false,"sceneViewState":{"showFog":true,"showMaterialUpdate":false,"showSkybox":true,"showFlares":true,"showImageEffects":true,"showParticleSystems":true},"in2DMode":false,"pivot":{"x":-3.5519967079162599,"y":2.8176419734954836,"z":5.877450466156006},"rotation":{"x":0.054245661944150928,"y":-0.03712538629770279,"z":0.0020170852076262237,"w":0.9978352189064026},"size":25.228944778442384,"orthographic":false}