{"cameraMode":{"drawMode":0,"name":"Shaded","section":"Shading Mode"},"sceneLighting":false,"audioPlay":false,"sceneViewState":{"showFog":true,"showMaterialUpdate":false,"showSkybox":true,"showFlares":true,"showImageEffects":true,"showParticleSystems":true},"in2DMode":false,"pivot":{"x":-0.0634005069732666,"y":-0.940643310546875,"z":-0.8278274536132813},"rotation":{"x":-0.4438316524028778,"y":-0.26243507862091067,"z":0.1377340704202652,"w":-0.8456777334213257},"size":30.134021759033204,"orthographic":false}