{"cameraMode":{"drawMode":0,"name":"Shaded","section":"Shading Mode"},"sceneLighting":false,"audioPlay":false,"sceneViewState":{"showFog":true,"showMaterialUpdate":false,"showSkybox":true,"showFlares":true,"showImageEffects":true,"showParticleSystems":true},"in2DMode":false,"pivot":{"x":-0.8290176391601563,"y":5.4153289794921879,"z":29.146190643310548},"rotation":{"x":0.3402138650417328,"y":-0.5787707567214966,"z":0.2884184420108795,"w":0.682710587978363},"size":89.85943603515625,"orthographic":false}